USE tedi_db;

INSERT INTO `Users`
(`UserId`, `Role`, `Name`, `Phone`, `Email`, `Password`, `ImageUrl`, `Provider`,`ProviderId`, `CreationDate`, `UserVerified`, `Active`, `Notification`)
VALUES
(1, "customer", "Femax", "555666777", "femax@femax.pl", "$2y$11$abnU1/30SXSjOKEmLTiUCOvBs3ksBZ7SyB6n5rUKTLnWj32gPAYAm",null, null, null, NOW(), true, true, true),
(2, "customer", "ABC", "444555666", "abc@abc.pl", "$2y$11$p4AoDAFoXEvASKoo8aYckuVzs1kbCRb2nXpF3nvVsbtQzm6BxU2L6",null, null, null, NOW() - INTERVAL 1 WEEK, true, true,true),
(3, "customer", "AGD sp zoo", "503444123", "agd@agd.pl", "$2y$11$DCxQT.OL15yxV.wuHURNxuVdtdtUrIX8GO5US9ZtUSL2uHivDaKfW",null, null, null, NOW() - INTERVAL 5 DAY, false, true, true),
(4, "supplier", "Terma", "482034578", "terma@terma.pl", "$2y$11$9cQqHcsfaGge0YALp8h...c5CsE4pwx9aBX9npAYeFOWoYQWODhdi", null, null, null, NOW(), true, true, true),
(5, "supplier", "Purmo", "482074578", "purmo@purmogroup.com.pl", "$2y$11$IckX.tsW2nrnZRxAPCks4.Lw0yu88lMi8Q9Fcw.QO.Yif1/Ep.98u", null, null, null, NOW() - INTERVAL 1 WEEK, true, true, true),
(6, "supplier", "Grohe", "600700800", "grohe@grohe.de", "$2y$11$1XZBKky8YmWnLsZogR9EbOT7TBSTCQrLcDjn5tZ2OS96Rg0gUo5Sq", null, null, null, NOW() - INTERVAL 12 WEEK, true, true, true),
(7, "supplier", "TECE", "678876321", "tece@tece.pl", "$2y$11$YAxxcfa.261smiBFvWGE6.QjSPPly.2E9./gFIYyXkESA9L4t0BWS", null, null, null, NOW() - INTERVAL 10 MONTH, true, true, true);

INSERT INTO `RelationsUsers`
  (`RelationUsersId`, `UserSupplierId`, `UserCustomerId`, `Active`, `CreationDate`, `ModifyDate`)
VALUES
(1, 4, 1, true, NOW(), NOW()),
(2, 4, 2, true, NOW() - INTERVAL 1 WEEK, NOW()),
(3, 4, 3, true, NOW() - INTERVAL 5 DAY, NOW() - INTERVAL 2 DAY),
(4, 5, 1, false, NOW() - INTERVAL 1 DAY, NOW() - INTERVAL 10 MINUTE),
(5, 5, 3, true, NOW() - INTERVAL 45 MINUTE, NOW()),
(6, 6, 1, false, NOW() - INTERVAL 3 HOUR, NOW() - INTERVAL 1 HOUR),
(7, 6, 2, false , NOW() - INTERVAL 2 DAY, NOW() - INTERVAL 1 DAY),
(8, 6, 3, false, NOW() - INTERVAL 10 HOUR, NOW() - INTERVAL 150 MINUTE);

INSERT INTO `DeliveryOrders`
  (`DeliveryOrderId`, `BaseRef`, `NumberOrderCustomer`, `DocStatus`, `UserSupplierId`, `UserCustomerId`, `DocTotal`, `DocNet`, `DocVatSum`, `Description`, `CreationDate`, `ModifyDate`)
VALUES
(1, "ZAM-2020-20001", "202012101234", "C", 4, 1, 6000, 4878.05, 1121.95, "Lorem ipsum dolor sit amet, consectetur adipiscing elit. Etiam sit amet dui justo. Nullam et elit velit. Orci varius natoque penatibus et magnis dis parturient montes, nascetur ridiculus mus. Curabitur ac imperdiet odio. Praesent sed fringilla lorem. Nulla facilisi. Cras eget eleifend mauris, eget euismod massa. Vivamus ultricies eu elit a fringilla. In mattis, ipsum et accumsan egestas, sem erat lobortis justo, et ullamcorper eros tortor eget ipsum.", NOW(), NOW()),
(2, "ZAM-2020-20002", "2003000027 ", "C", 4, 2, 8000, 4878.05, 1121.95, "Lorem ipsum dolor sit amet, consectetur adipiscing elit. Etiam sit amet dui justo. Nullam et elit velit. Orci varius natoque penatibus et magnis dis parturient montes, nascetur ridiculus mus. Curabitur ac imperdiet odio. Praesent sed fringilla lorem. Nulla facilisi. Cras eget eleifend mauris, eget euismod massa. Vivamus ultricies eu elit a fringilla. In mattis, ipsum et accumsan egestas, sem erat lobortis justo, et ullamcorper eros tortor eget ipsum.", NOW(), NOW()),
(3, "ZAM-2020-20003", "202012101235", "C", 4, 3, 16000, 4878.05, 1121.95, "Lorem ipsum dolor sit amet, consectetur adipiscing elit. Etiam sit amet dui justo. Nullam et elit velit. Orci varius natoque penatibus et magnis dis parturient montes, nascetur ridiculus mus. Curabitur ac imperdiet odio. Praesent sed fringilla lorem. Nulla facilisi. Cras eget eleifend mauris, eget euismod massa. Vivamus ultricies eu elit a fringilla. In mattis, ipsum et accumsan egestas, sem erat lobortis justo, et ullamcorper eros tortor eget ipsum.", NOW(), NOW()),
(4, "ZAM-2020-20004", "202012101237", "C", 4, 2, 2000, 4878.05, 1121.95, "", NOW(), NOW()),
(5, "ZAM-2020-20005", "20201210125436", "C", 5, 1, 3000, 4878.05, 1121.95, "Nullam et elit velit. Orci varius natoque penatibus et magnis dis parturient montes, nascetur ridiculus mus. Curabitur ac imperdiet odio. Praesent sed fringilla lorem. Nulla facilisi. Cras eget eleifend mauris, eget euismod massa. Vivamus ultricies eu elit a fringilla. In mattis, ipsum et accumsan egestas, sem erat lobortis justo, et ullamcorper eros tortor eget ipsum.", NOW(), NOW()),
(6, "FV-2021-01-23", "20201210123234", "C", 5, 2, 4000, 4878.05, 1121.95, "Lorem ipsum dolor sit amet, consectetur adipiscing elit.", NOW(), NOW()),
(7, "zzb-8471-Arco-Femax", "202012301234", "C", 5, 3, 16000, 4878.05, 1121.95, "Etiam sit amet dui justo. Nullam et elit velit.", NOW(), NOW()),
(8, "ZAM-2020-20010", "20201210434", "C", 6, 2, 116000, 4878.05, 1121.95, "Orci varius natoque penatibus et magnis dis parturient montes, nascetur ridiculus mus.", NOW(), NOW()),
(9, "ZAM-2020-20020", "20201251234", "C", 6, 2, 116000, 4878.05, 1121.95, "Curabitur ac imperdiet odio. Praesent sed fringilla lorem. Nulla facilisi. Cras eget eleifend mauris, eget euismod massa. Vivamus ultricies eu elit a fringilla. In mattis, ipsum et accumsan egestas, sem erat lobortis justo, et ullamcorper eros tortor eget ipsum.", NOW(), NOW()),
(10, "ZAM-2021-20000", "2020164101234", "O", 6, 3, 86000, 4878.05, 1121.95, "", NOW(), NOW()),
(11, "ZAM-2021-20000", "2020125701234", "O", 6, 3, 6000, 4878.05, 1121.95, "Praesent sed fringilla lorem. Nulla facilisi. Cras eget eleifend mauris, eget euismod massa. Vivamus ultricies eu elit a fringilla. In mattis, ipsum et accumsan egestas, sem erat lobortis justo, et ullamcorper eros tortor eget ipsum.", NOW(), NOW()),
(12, "ZAM-2021-20000", "202012861234", "O", 6, 1, 6000, 4878.05, 1121.95, "Nulla facilisi. Cras eget eleifend mauris, eget euismod massa. Vivamus ultricies eu elit a fringilla. In mattis, ipsum et accumsan egestas, sem erat lobortis justo, et ullamcorper eros tortor eget ipsum.", NOW(), NOW()),
(13, "gg202020000", "2020121341234", "O", 7, 1, 6000, 4878.05, 1121.95, "Cras eget eleifend mauris, eget euismod massa. Vivamus ultricies eu elit a fringilla. In mattis, ipsum et accumsan egestas, sem erat lobortis justo, et ullamcorper eros tortor eget ipsum.", NOW(), NOW()),
(14, "EE21243450000", "202012123234", "O", 7, 1, 6000, 4878.05, 1121.95, "In mattis, ipsum et accumsan egestas, sem erat lobortis justo, et ullamcorper eros tortor eget ipsum.", NOW(), NOW()),
(15, "FFqwe20000", "212012101234", "O", 7, 1, 6000, 4878.05, 1121.95, "Nulla facilisi. Cras eget eleifend mauris, eget euismod massa. Vivamus ultricies eu elit a fringilla. In mattis, ipsum et accumsan egestas, sem erat lobortis justo, et ullamcorper eros tortor eget ipsum.", NOW(), NOW()),
(16, "RR201023123", "212012101234", "O", 7, 3, 6000, 4878.05, 1121.95, "", NOW(), NOW()),
(17, "TT2020141412", "21012101234", "O", 4, 2, 6000, 4878.05, 1121.95, "Sem erat lobortis justo, et ullamcorper eros tortor eget ipsum.", NOW(), NOW()),
(18, "20-02-2021-DDD", "212012101234", "O", 6, 2, 6000, 4878.05, 1121.95, "Vivamus ultricies eu elit a fringilla. In mattis, ipsum et accumsan egestas, sem erat lobortis justo, et ullamcorper eros tortor eget ipsum.", NOW(), NOW()),
(19, "ggGGggGG123", "222012101234", "O", 5, 3, 6000, 4878.05, 1121.95, "", NOW(), NOW()),
(20, "FV-2021-01-31", "222012154534", "O", 5, 3, 6000, 4878.05, 1121.95, "Praesent sed fringilla lorem. Nulla facilisi. Cras eget eleifend mauris, eget euismod massa. Vivamus ultricies eu elit a fringilla. In mattis, ipsum et accumsan egestas, sem erat lobortis justo, et ullamcorper eros tortor eget ipsum.", NOW(), NOW()),
(21, "FV-2021-02-01", "2020121013468", "O", 5, 1, 6000, 4878.05, 1121.95, "", NOW(), NOW()),
(22, "FV-2021-02-03", "20201210679", "O", 5, 1, 6000, 4878.05, 1121.95, "", NOW(), NOW()),
(23, "FV-2021-02-21", "20201210794", "O", 7, 1, 6000, 4878.05, 1121.95, "Praesent sed fringilla lorem. Nulla facilisi. Cras eget eleifend mauris, eget euismod massa. Vivamus ultricies eu elit a fringilla. In mattis, ipsum et accumsan egestas, sem erat lobortis justo, et ullamcorper eros tortor eget ipsum.", NOW(), NOW());
INSERT INTO `DetailsDeliveryOrders`
  (`id`, `DeliveryOrderId`, `BaseRef`, `UserSupplierId`, `UserCustomerId`, `ItemCode`, `ItemName`, `Quantity`, `CodeBars`, `Price`, `Currency`, `LineTotal`, `LineNet`, `LineVat`, `DiscountPrcnt`, `VatPrcnt`, `VatGroup`, `Active`, `OnTheWay`, `ScheduledShipDate`, `CreationDate`, `ModifyDate`)
VALUES
(1, 1, "ZAM-2020-20000", 4, 1, "XXX-Item1", "ItemName1", 1, "5900000000000", 1000,"PLN", 1000, 787, 813, "10%", 23, "DS23", 1, 0, "7 dni roboczych", NOW() - Interval 2 DAY, NOW() - Interval 2 DAY),
(2, 1, "ZAM-2020-20000", 4, 1, "XXX-Item2", "ItemName2", 1, "5900000000000", 1000,"PLN", 1000, 787, 813, "10%", 23, "DS23", 1, 0, "7 dni roboczych", NOW() - Interval 2 DAY, NOW() - Interval 2 DAY),
(3, 1, "ZAM-2020-20000", 4, 1, "XXX-Item3", "ItemName3", 2, "5900000000000", 500,"PLN", 1000, 787, 813, "10%", 23, "DS23", 1, 1, "7 dni roboczych", NOW(), NOW()),
(4, 1, "ZAM-2020-20000", 4, 1, "XXX-Item4", "ItemName4", 1, "5900000000000", 1000,"PLN", 1000, 787, 813, "10%", 23, "DS23", 1, 0, "7 dni roboczych", NOW() - Interval 2 DAY, NOW() - Interval 2 DAY),
(5, 1, "ZAM-2020-20000", 4, 1, "XXX-Item5", "ItemName5", 1, "5900000000000", 1000,"PLN", 1000, 787, 813, "10%", 23, "DS23", 1, 0, "7 dni roboczych", NOW() - Interval 2 DAY, NOW() - Interval 2 DAY),
(6, 1, "ZAM-2020-20000", 4, 1, "XXX-Item6", "ItemName6", 1, "5900000000000", 1000,"PLN", 1000, 787, 813, "10%", 23, "DS23", 1, 0, "7 dni roboczych", NOW() - Interval 2 DAY, NOW() - Interval 2 DAY),
(7, 2, "ZAM-2020-20000", 4, 2, "XXX-Item2", "ItemName2", 1, "5900000000000", 1000,"PLN", 1000, 787, 813, "10%", 23, "DS23", 1, 0, "7 dni roboczych", NOW() - Interval 2 DAY, NOW() - Interval 2 DAY),
(8, 2, "ZAM-2020-20000", 4, 2, "XXX-Item3", "ItemName3", 2, "5900000000000", 500,"PLN", 1000, 787, 813, "10%", 23, "DS23", 1, 1, "7 dni roboczych", NOW(), NOW()),
(9, 2, "ZAM-2020-20000", 4, 2, "XXX-Item4", "ItemName4", 1, "5900000000000", 1000,"PLN", 1000, 787, 813, "10%", 23, "DS23", 1, 0, "7 dni roboczych", NOW() - Interval 2 DAY, NOW() - Interval 2 DAY),
(10, 2,"ZAM-2020-20000", 4, 2, "XXX-Item5", "ItemName5", 1, "5900000000000", 1000,"PLN", 1000, 787, 813, "10%", 23, "DS23", 1, 0, "7 dni roboczych", NOW() - Interval 2 DAY, NOW() - Interval 2 DAY),
(11, 2, "ZAM-2020-20000", 4, 2, "XXX-Item6", "ItemName6", 1, "5900000000000", 1000,"PLN", 1000, 787, 813, "10%", 23, "DS23", 1, 0, "7 dni roboczych", NOW() - Interval 2 DAY, NOW() - Interval 2 DAY),
(12, 3, "ZAM-2020-20000", 4, 3, "XXX-Item2", "ItemName2", 1, "5900000000000", 1000,"PLN", 1000, 787, 813, "10%", 23, "DS23", 1, 0, "7 dni roboczych", NOW() - Interval 2 DAY, NOW() - Interval 2 DAY),
(13, 3, "ZAM-2020-20000", 4, 3, "XXX-Item3", "ItemName3", 2, "5900000000000", 500,"PLN", 1000, 787, 813, "10%", 23, "DS23", 1, 1, "7 dni roboczych", NOW(), NOW()),
(14, 3, "ZAM-2020-20000", 4, 3, "XXX-Item4", "ItemName4", 1, "5900000000000", 1000,"PLN", 1000, 787, 813, "10%", 23, "DS23", 1, 0, "7 dni roboczych", NOW() - Interval 2 DAY, NOW() - Interval 2 DAY),
(15, 4, "ZAM-2020-20000", 4, 2, "XXX-Item5", "ItemName5", 1, "5900000000000", 1000,"PLN", 1000, 787, 813, "10%", 23, "DS23", 1, 0, "7 dni roboczych", NOW() - Interval 2 DAY, NOW() - Interval 2 DAY),
(16, 4, "ZAM-2020-20000", 4, 2, "XXX-Item6", "ItemName6", 1, "5900000000000", 1000,"PLN", 1000, 787, 813, "10%", 23, "DS23", 1, 0, "7 dni roboczych", NOW() - Interval 2 DAY, NOW() - Interval 2 DAY),
(17, 4, "ZAM-2020-20000", 4, 2, "XXX-Item2", "ItemName2", 1, "5900000000000", 1000,"PLN", 1000, 787, 813, "10%", 23, "DS23", 1, 0, "7 dni roboczych", NOW() - Interval 2 DAY, NOW() - Interval 2 DAY),
(18, 4, "ZAM-2020-20000", 4, 2, "XXX-Item3", "ItemName3", 2, "5900000000000", 500,"PLN", 1000, 787, 813, "10%", 23, "DS23", 1, 1, "7 dni roboczych", NOW(), NOW()),
(19, 5, "ZAM-2020-20000", 5, 1, "XXX-Item4", "ItemName4", 1, "5900000000000", 1000,"PLN", 1000, 787, 813, "10%", 23, "DS23", 1, 0, "7 dni roboczych", NOW() - Interval 2 DAY, NOW() - Interval 2 DAY),
(20, 5, "ZAM-2020-20000", 5, 1, "XXX-Item5", "ItemName5", 1, "5900000000000", 1000,"PLN", 1000, 787, 813, "10%", 23, "DS23", 1, 0, "7 dni roboczych", NOW() - Interval 2 DAY, NOW() - Interval 2 DAY),
(21, 6, "ZAM-2020-20000", 5, 2, "XXX-Item6", "ItemName6", 1, "5900000000000", 1000,"PLN", 1000, 787, 813, "10%", 23, "DS23", 1, 0, "7 dni roboczych", NOW() - Interval 2 DAY, NOW() - Interval 2 DAY),
(22, 6, "ZAM-2020-20000", 5, 2, "XXX-Item2", "ItemName2", 1, "5900000000000", 1000,"PLN", 1000, 787, 813, "10%", 23, "DS23", 1, 0, "7 dni roboczych", NOW() - Interval 2 DAY, NOW() - Interval 2 DAY),
(23, 6, "ZAM-2020-20000", 5, 2, "XXX-Item3", "ItemName3", 2, "5900000000000", 500,"PLN", 1000, 787, 813, "10%", 23, "DS23", 1, 1, "7 dni roboczych", NOW(), NOW()),
(24, 7, "ZAM-2020-20000", 5, 3, "XXX-Item4", "ItemName4", 1, "5900000000000", 1000,"PLN", 1000, 787, 813, "10%", 23, "DS23", 1, 0, "7 dni roboczych", NOW() - Interval 2 DAY, NOW() - Interval 2 DAY),
(25, 8, "ZAM-2020-20000", 6, 2, "XXX-Item5", "ItemName5", 1, "5900000000000", 1000,"PLN", 1000, 787, 813, "10%", 23, "DS23", 1, 0, "7 dni roboczych", NOW() - Interval 2 DAY, NOW() - Interval 2 DAY),
(26, 8, "ZAM-2020-20000", 6, 2, "XXX-Item6", "ItemName6", 1, "5900000000000", 1000,"PLN", 1000, 787, 813, "10%", 23, "DS23", 1, 0, "7 dni roboczych", NOW() - Interval 2 DAY, NOW() - Interval 2 DAY),
(27, 8, "ZAM-2020-20000", 6, 2, "XXX-Item2", "ItemName2", 1, "5900000000000", 1000,"PLN", 1000, 787, 813, "10%", 23, "DS23", 1, 0, "7 dni roboczych", NOW() - Interval 2 DAY, NOW() - Interval 2 DAY),
(28, 8, "ZAM-2020-20000", 6, 2, "XXX-Item3", "ItemName3", 2, "5900000000000", 500,"PLN", 1000, 787, 813, "10%", 23, "DS23", 1, 1, "7 dni roboczych", NOW(), NOW()),
(29, 8, "ZAM-2020-20000", 6, 2, "XXX-Item4", "ItemName4", 1, "5900000000000", 1000,"PLN", 1000, 787, 813, "10%", 23, "DS23", 1, 0, "7 dni roboczych", NOW() - Interval 2 DAY, NOW() - Interval 2 DAY),
(30, 9, "ZAM-2020-20000", 6, 2, "XXX-Item5", "ItemName5", 1, "5900000000000", 1000,"PLN", 1000, 787, 813, "10%", 23, "DS23", 1, 0, "7 dni roboczych", NOW() - Interval 2 DAY, NOW() - Interval 2 DAY),
(31, 9, "ZAM-2020-20000", 6, 2, "XXX-Item6", "ItemName6", 1, "5900000000000", 1000,"PLN", 1000, 787, 813, "10%", 23, "DS23", 1, 0, "7 dni roboczych", NOW() - Interval 2 DAY, NOW() - Interval 2 DAY),
(32, 10, "ZAM-2020-20000", 6, 3, "XXX-Item2", "ItemName2", 1, "5900000000000", 1000,"PLN", 1000, 787, 813, "10%", 23, "DS23", 1, 0, "7 dni roboczych", NOW() - Interval 2 DAY, NOW() - Interval 2 DAY),
(33, 10, "ZAM-2020-20000", 6, 3, "XXX-Item3", "ItemName3", 2, "5900000000000", 500,"PLN", 1000, 787, 813, "10%", 23, "DS23", 1, 1, "7 dni roboczych", NOW(), NOW()),
(34, 10, "ZAM-2020-20000", 6, 3, "XXX-Item4", "ItemName4", 1, "5900000000000", 1000,"PLN", 1000, 787, 813, "10%", 23, "DS23", 1, 0, "7 dni roboczych", NOW() - Interval 2 DAY, NOW() - Interval 2 DAY),
(35, 10, "ZAM-2020-20000", 6, 3, "XXX-Item5", "ItemName5", 1, "5900000000000", 1000,"PLN", 1000, 787, 813, "10%", 23, "DS23", 1, 0, "7 dni roboczych", NOW() - Interval 2 DAY, NOW() - Interval 2 DAY),
(36, 10, "ZAM-2020-20000", 6, 3, "XXX-Item6", "ItemName6", 1, "5900000000000", 1000,"PLN", 1000, 787, 813, "10%", 23, "DS23", 1, 0, "7 dni roboczych", NOW() - Interval 2 DAY, NOW() - Interval 2 DAY),
(37, 11, "ZAM-2020-20000", 6, 3, "XXX-Item2", "ItemName2", 1, "5900000000000", 1000,"PLN", 1000, 787, 813, "10%", 23, "DS23", 1, 0, "7 dni roboczych", NOW() - Interval 2 DAY, NOW() - Interval 2 DAY),
(38, 11, "ZAM-2020-20000", 6, 3, "XXX-Item3", "ItemName3", 2, "5900000000000", 500,"PLN", 1000, 787, 813, "10%", 23, "DS23", 1, 1, "7 dni roboczych", NOW(), NOW()),
(39, 11, "ZAM-2020-20000", 6, 3, "XXX-Item4", "ItemName4", 1, "5900000000000", 1000,"PLN", 1000, 787, 813, "10%", 23, "DS23", 1, 0, "7 dni roboczych", NOW() - Interval 2 DAY, NOW() - Interval 2 DAY),
(40, 11, "ZAM-2020-20000", 6, 3, "XXX-Item5", "ItemName5", 1, "5900000000000", 1000,"PLN", 1000, 787, 813, "10%", 23, "DS23", 1, 0, "7 dni roboczych", NOW() - Interval 2 DAY, NOW() - Interval 2 DAY),
(41, 11, "ZAM-2020-20000", 6, 3, "XXX-Item6", "ItemName6", 1, "5900000000000", 1000,"PLN", 1000, 787, 813, "10%", 23, "DS23", 1, 0, "7 dni roboczych", NOW() - Interval 2 DAY, NOW() - Interval 2 DAY),
(42, 11, "ZAM-2020-20000", 6, 3, "XXX-Item2", "ItemName2", 1, "5900000000000", 1000,"PLN", 1000, 787, 813, "10%", 23, "DS23", 1, 0, "7 dni roboczych", NOW() - Interval 2 DAY, NOW() - Interval 2 DAY),
(43, 12, "ZAM-2020-20000", 6, 1, "XXX-Item3", "ItemName3", 2, "5900000000000", 500,"PLN", 1000, 787, 813, "10%", 23, "DS23", 1, 1, "7 dni roboczych", NOW(), NOW()),
(44, 12, "ZAM-2020-20000", 6, 1, "XXX-Item4", "ItemName4", 1, "5900000000000", 1000,"PLN", 1000, 787, 813, "10%", 23, "DS23", 1, 0, "7 dni roboczych", NOW() - Interval 2 DAY, NOW() - Interval 2 DAY),
(45, 13, "ZAM-2020-20000", 7, 1, "XXX-Item5", "ItemName5", 1, "5900000000000", 1000,"PLN", 1000, 787, 813, "10%", 23, "DS23", 1, 0, "7 dni roboczych", NOW() - Interval 2 DAY, NOW() - Interval 2 DAY),
(46, 13, "ZAM-2020-20000", 7, 1, "XXX-Item6", "ItemName6", 1, "5900000000000", 1000,"PLN", 1000, 787, 813, "10%", 23, "DS23", 1, 0, "7 dni roboczych", NOW() - Interval 2 DAY, NOW() - Interval 2 DAY),
(47, 13, "ZAM-2020-20000", 7, 1, "XXX-Item2", "ItemName2", 1, "5900000000000", 1000,"PLN", 1000, 787, 813, "10%", 23, "DS23", 1, 0, "7 dni roboczych", NOW() - Interval 2 DAY, NOW() - Interval 2 DAY),
(48, 14, "ZAM-2020-20000", 7, 1, "XXX-Item3", "ItemName3", 2, "5900000000000", 500,"PLN", 1000, 787, 813, "10%", 23, "DS23", 1, 1, "7 dni roboczych", NOW(), NOW()),
(49, 14, "ZAM-2020-20000", 7, 1, "XXX-Item4", "ItemName4", 1, "5900000000000", 1000,"PLN", 1000, 787, 813, "10%", 23, "DS23", 1, 0, "7 dni roboczych", NOW() - Interval 2 DAY, NOW() - Interval 2 DAY),
(50, 14, "ZAM-2020-20000", 7, 1, "XXX-Item5", "ItemName5", 1, "5900000000000", 1000,"PLN", 1000, 787, 813, "10%", 23, "DS23", 1, 0, "7 dni roboczych", NOW() - Interval 2 DAY, NOW() - Interval 2 DAY),
(51, 14, "ZAM-2020-20000", 7, 1, "XXX-Item6", "ItemName6", 1, "5900000000000", 1000,"PLN", 1000, 787, 813, "10%", 23, "DS23", 1, 0, "7 dni roboczych", NOW() - Interval 2 DAY, NOW() - Interval 2 DAY),
(52, 15, "ZAM-2020-20000", 7, 1, "XXX-Item2", "ItemName2", 1, "5900000000000", 1000,"PLN", 1000, 787, 813, "10%", 23, "DS23", 1, 0, "7 dni roboczych", NOW() - Interval 2 DAY, NOW() - Interval 2 DAY),
(53, 15, "ZAM-2020-20000", 7, 1, "XXX-Item3", "ItemName3", 2, "5900000000000", 500,"PLN", 1000, 787, 813, "10%", 23, "DS23", 1, 1, "7 dni roboczych", NOW(), NOW()),
(54, 15, "ZAM-2020-20000", 7, 1, "XXX-Item4", "ItemName4", 1, "5900000000000", 1000,"PLN", 1000, 787, 813, "10%", 23, "DS23", 1, 0, "7 dni roboczych", NOW() - Interval 2 DAY, NOW() - Interval 2 DAY),
(55, 15, "ZAM-2020-20000", 7, 1, "XXX-Item5", "ItemName5", 1, "5900000000000", 1000,"PLN", 1000, 787, 813, "10%", 23, "DS23", 1, 0, "7 dni roboczych", NOW() - Interval 2 DAY, NOW() - Interval 2 DAY),
(56, 15, "ZAM-2020-20000", 7, 1, "XXX-Item6", "ItemName6", 1, "5900000000000", 1000,"PLN", 1000, 787, 813, "10%", 23, "DS23", 1, 0, "7 dni roboczych", NOW() - Interval 2 DAY, NOW() - Interval 2 DAY),
(57, 16, "ZAM-2020-20000", 7, 3, "XXX-Item2", "ItemName2", 1, "5900000000000", 1000,"PLN", 1000, 787, 813, "10%", 23, "DS23", 1, 0, "7 dni roboczych", NOW() - Interval 2 DAY, NOW() - Interval 2 DAY),
(58, 16, "ZAM-2020-20000", 7, 3, "XXX-Item3", "ItemName3", 2, "5900000000000", 500,"PLN", 1000, 787, 813, "10%", 23, "DS23", 1, 1, "7 dni roboczych", NOW(), NOW()),
(59, 16, "ZAM-2020-20000", 7, 3, "XXX-Item4", "ItemName4", 1, "5900000000000", 1000,"PLN", 1000, 787, 813, "10%", 23, "DS23", 1, 0, "7 dni roboczych", NOW() - Interval 2 DAY, NOW() - Interval 2 DAY),
(60, 17, "ZAM-2020-20000", 4, 2, "XXX-Item5", "ItemName5", 1, "5900000000000", 1000,"PLN", 1000, 787, 813, "10%", 23, "DS23", 1, 0, "7 dni roboczych", NOW() - Interval 2 DAY, NOW() - Interval 2 DAY),
(61, 18, "ZAM-2020-20000", 6, 2, "XXX-Item6", "ItemName6", 1, "5900000000000", 1000,"PLN", 1000, 787, 813, "10%", 23, "DS23", 1, 0, "7 dni roboczych", NOW() - Interval 2 DAY, NOW() - Interval 2 DAY),
(62, 18, "ZAM-2020-20000", 6, 2, "XXX-Item2", "ItemName2", 1, "5900000000000", 1000,"PLN", 1000, 787, 813, "10%", 23, "DS23", 1, 0, "7 dni roboczych", NOW() - Interval 2 DAY, NOW() - Interval 2 DAY),
(63, 18, "ZAM-2020-20000", 6, 2, "XXX-Item3", "ItemName3", 2, "5900000000000", 500,"PLN", 1000, 787, 813, "10%", 23, "DS23", 1, 1, "7 dni roboczych", NOW(), NOW()),
(64, 18, "ZAM-2020-20000", 6, 2, "XXX-Item4", "ItemName4", 1, "5900000000000", 1000,"PLN", 1000, 787, 813, "10%", 23, "DS23", 1, 0, "7 dni roboczych", NOW() - Interval 2 DAY, NOW() - Interval 2 DAY),
(65, 18, "ZAM-2020-20000", 6, 2, "XXX-Item5", "ItemName5", 1, "5900000000000", 1000,"PLN", 1000, 787, 813, "10%", 23, "DS23", 1, 0, "7 dni roboczych", NOW() - Interval 2 DAY, NOW() - Interval 2 DAY),
(66, 19, "ZAM-2020-20000", 5, 3, "XXX-Item6", "ItemName6", 1, "5900000000000", 1000,"PLN", 1000, 787, 813, "10%", 23, "DS23", 1, 0, "7 dni roboczych", NOW() - Interval 2 DAY, NOW() - Interval 2 DAY),
(67, 19, "ZAM-2020-20000", 5, 3, "XXX-Item2", "ItemName2", 1, "5900000000000", 1000,"PLN", 1000, 787, 813, "10%", 23, "DS23", 1, 0, "7 dni roboczych", NOW() - Interval 2 DAY, NOW() - Interval 2 DAY),
(68, 19, "ZAM-2020-20000", 5, 3, "XXX-Item3", "ItemName3", 2, "5900000000000", 500,"PLN", 1000, 787, 813, "10%", 23, "DS23", 1, 1, "7 dni roboczych", NOW(), NOW()),
(69, 19, "ZAM-2020-20000", 5, 3, "XXX-Item4", "ItemName4", 1, "5900000000000", 1000,"PLN", 1000, 787, 813, "10%", 23, "DS23", 1, 0, "7 dni roboczych", NOW() - Interval 2 DAY, NOW() - Interval 2 DAY),
(70, 20, "ZAM-2020-20000", 5, 3, "XXX-Item5", "ItemName5", 1, "5900000000000", 1000,"PLN", 1000, 787, 813, "10%", 23, "DS23", 1, 0, "7 dni roboczych", NOW() - Interval 2 DAY, NOW() - Interval 2 DAY),
(71, 20, "ZAM-2020-20000", 5, 3, "XXX-Item6", "ItemName6", 1, "5900000000000", 1000,"PLN", 1000, 787, 813, "10%", 23, "DS23", 1, 0, "7 dni roboczych", NOW() - Interval 2 DAY, NOW() - Interval 2 DAY),
(72, 20, "ZAM-2020-20000", 5, 3, "XXX-Item2", "ItemName2", 1, "5900000000000", 1000,"PLN", 1000, 787, 813, "10%", 23, "DS23", 1, 0, "7 dni roboczych", NOW() - Interval 2 DAY, NOW() - Interval 2 DAY),
(73, 20, "ZAM-2020-20000", 5, 3, "XXX-Item3", "ItemName3", 2, "5900000000000", 500,"PLN", 1000, 787, 813, "10%", 23, "DS23", 1, 1, "7 dni roboczych", NOW(), NOW()),
(74, 21, "ZAM-2020-20000", 5, 1, "XXX-Item4", "ItemName4", 1, "5900000000000", 1000,"PLN", 1000, 787, 813, "10%", 23, "DS23", 1, 0, "7 dni roboczych", NOW() - Interval 2 DAY, NOW() - Interval 2 DAY),
(75, 21, "ZAM-2020-20000", 5, 1, "XXX-Item5", "ItemName5", 1, "5900000000000", 1000,"PLN", 1000, 787, 813, "10%", 23, "DS23", 1, 0, "7 dni roboczych", NOW() - Interval 2 DAY, NOW() - Interval 2 DAY),
(76, 21, "ZAM-2020-20000", 5, 1, "XXX-Item6", "ItemName6", 1, "5900000000000", 1000,"PLN", 1000, 787, 813, "10%", 23, "DS23", 1, 0, "7 dni roboczych", NOW() - Interval 2 DAY, NOW() - Interval 2 DAY),
(77, 21, "ZAM-2020-20000", 5, 1, "XXX-Item2", "ItemName2", 1, "5900000000000", 1000,"PLN", 1000, 787, 813, "10%", 23, "DS23", 1, 0, "7 dni roboczych", NOW() - Interval 2 DAY, NOW() - Interval 2 DAY),
(78, 21, "ZAM-2020-20000", 5, 1, "XXX-Item3", "ItemName3", 2, "5900000000000", 500,"PLN", 1000, 787, 813, "10%", 23, "DS23", 1, 1, "7 dni roboczych", NOW(), NOW()),
(79, 22, "ZAM-2020-20000", 5, 1, "XXX-Item4", "ItemName4", 1, "5900000000000", 1000,"PLN", 1000, 787, 813, "10%", 23, "DS23", 1, 0, "7 dni roboczych", NOW() - Interval 2 DAY, NOW() - Interval 2 DAY),
(80, 22, "ZAM-2020-20000", 5, 1, "XXX-Item5", "ItemName5", 1, "5900000000000", 1000,"PLN", 1000, 787, 813, "10%", 23, "DS23", 1, 0, "7 dni roboczych", NOW() - Interval 2 DAY, NOW() - Interval 2 DAY),
(81, 23, "ZAM-2020-20000", 7, 1, "XXX-Item6", "ItemName6", 1, "5900000000000", 1000,"PLN", 1000, 787, 813, "10%", 23, "DS23", 1, 0, "7 dni roboczych", NOW() - Interval 2 DAY, NOW() - Interval 2 DAY),
(82, 23, "ZAM-2020-20000", 7, 1, "XXX-Item2", "ItemName2", 1, "5900000000000", 1000,"PLN", 1000, 787, 813, "10%", 23, "DS23", 1, 0, "7 dni roboczych", NOW() - Interval 2 DAY, NOW() - Interval 2 DAY),
(83, 23, "ZAM-2020-20000", 7, 1, "XXX-Item3", "ItemName3", 2, "5900000000000", 500,"PLN", 1000, 787, 813, "10%", 23, "DS23", 1, 1, "7 dni roboczych", NOW(), NOW()),
(84, 23, "ZAM-2020-20000", 7, 1, "XXX-Item4", "ItemName4", 1, "5900000000000", 1000,"PLN", 1000, 787, 813, "10%", 23, "DS23", 1, 0, "7 dni roboczych", NOW() - Interval 2 DAY, NOW() - Interval 2 DAY),
(85, 23, "ZAM-2020-20000", 7, 1, "XXX-Item5", "ItemName5", 1, "5900000000000", 1000,"PLN", 1000, 787, 813, "10%", 23, "DS23", 1, 0, "7 dni roboczych", NOW() - Interval 2 DAY, NOW() - Interval 2 DAY),
(86, 23, "ZAM-2020-20000", 7, 1, "XXX-Item6", "ItemName6", 1, "5900000000000", 1000,"PLN", 1000, 787, 813, "10%", 23, "DS23", 1, 0, "7 dni roboczych", NOW() - Interval 2 DAY, NOW() - Interval 2 DAY);

INSERT INTO `Items`
  (`ItemId`, `ItemCode`, `ItemName`, `CodeBars`, `Price`, `Currency`, `VatPrcnt`, `VatGroup`, `Active`, `Availability`)
VALUES
(1, "XXX-Item1", "ItemName1", "5900000000001", 1000, "PLN", 23, "DS23", True, "Na magazynie"),
(2, "XXX-Item2", "ItemName2", "5900000000002", 1000, "PLN", 23, "DS23", false, null),
(3, "XXX-Item3", "ItemName3", "5900000000003", 1000, "PLN", 23, "DS23", True, "Na magazynie"),
(4, "XXX-Item4", "ItemName4", "5900000000004", 1000, "PLN", 23, "DS23", false, "Do wyczerpania zapasów"),
(5, "XXX-Item5", "ItemName5", "5900000000005", 1000, "PLN", 23, "DS23", True, "Na magazynie"),
(6, "XXX-Item6", "ItemName6", "5900000000006", 1000, "PLN", 23, "DS23", True, "Dostępny na zamówienie"),
(7, "XXX-Item7", "ItemName7", "5900000000007", 1000, "PLN", 23, "DS23", True, "Na magazynie"),
(8, "XXX-Item8", "ItemName8", "5900000000008", 1000, "PLN", 8, "DS08", True, "Na magazynie"),
(9, "XXX-Item9", "ItemName9", "5900000000009", 1000, "PLN", 8, "DS08", True, "Na magazynie"),
(10, "XXX-Item10", "ItemName10", "5900000000010", 1000, "PLN", 8, "DS08", True, "Dostępny na zamówienie");
